{
"apiVersion": "V2",
"assemblies": [
{
  "files": [
    {
      "filePath": "data_summary.tsv",
      "fileType": "DATA_TABLE"
    },
    {
      "filePath": "assembly_data_report.jsonl",
      "fileType": "DATA_REPORT"
    }
  ]
},{
  "accession": "GCA_000317205.1",
  "files": [
    {
      "filePath": "GCA_000317205.1/GCA_000317205.1_FisPCC7414_1.0_genomic.fna",
      "fileType": "GENOMIC_NUCLEOTIDE_FASTA"
    }
  ]
},{
  "accession": "GCF_000317205.1",
  "files": [
    {
      "filePath": "GCF_000317205.1/GCF_000317205.1_FisPCC7414_1.0_genomic.fna",
      "fileType": "GENOMIC_NUCLEOTIDE_FASTA"
    }
  ]
}]}
